﻿<?xml version="1.0" encoding="UTF-8" standalone="yes"?>
<addon 	id="plugin.video.sidapa"
		name="SIDAPA"
		version="0.0.1"
		provider-name="Team Kepweng">
<requires>
<import addon="xbmc.python" version="2.1.0"/>
<import addon="script.module.resolveurl" version="5.0.15"/>
<import addon="script.module.python.koding.aio" version="1.0" />
</requires>
<extension point="xbmc.python.pluginsource"
			library="sidapa.py">
		<provides>video</provides>
</extension>
<extension point="xbmc.addon.metadata">
<summary lang="en">Philippine Mythology School Project</summary>
<description lang="en">Philippine Mythology School Project</description>
<platform>all</platform>
<language>en</language>
<license>GNU PUBLIC LICENSE. version 2, june 1991</license>
<assets>
<icon>icon.gif</icon>
</assets>

</extension>
</addon>