<?xml version="1.0" encoding="UTF-8" standalone="yes"?>
	<addon id="script.module.alamat_news" name="Alamat News" provider-name="Team Kepweng" version="0.0.1">
		<requires>
			<import addon="xbmc.python" version="2.1.0"/>
			<import addon="script.module.requests" version="2.18.4.1"/>
		</requires>
		<extension point="xbmc.service" library="service.py" start="startup"/>
		<extension point="xbmc.addon.metadata">
			<description lang="en"></description>
			<license></license>
			<language>en</language>
		</extension>
	</addon>