<xml>
  <dir>
    <title>Lambingan Latest</title>
    <newepisodes>latest</newepisodes>
  </dir>
  <dir>
    <title>Pinoy Rewind Latest</title>
    <rewindepisodes>latest</rewindepisodes>
  </dir>
<dir>
<title>9 Movies</title>
<9movies>latest</9movies>
</dir>

<dir>
<title>9 Movies Genre</title>
<9movies>genre</9movies>
</dir>

<dir>
<title>9TVSeries Latest</title>
<9movies>tvseries</9movies>
</dir>

  <dir>
    <title>Pinoy Rewind Direct</title>
    <rewindepisodes>latest</rewindepisodes>
  </dir>
  <dir>
    <title>MOVIES</title>
    <link>file://movies.xml</link>
  </dir>

  <dir>
    <title>TV SHOWS</title>
    <link>file://tv.xml</link>
  </dir>
 
  <dir>
    <title>LIVE TV SHOWS</title>
    <link>file://live_tv.xml</link>
  </dir>
  <dir>
<title>K MEDIA</title>
<kmedia>new_sh</kmedia>
</dir>

<item>
  <title>DM test MLP</title>
  <link>https://www.dailymotion.com/embed/video/k24MlOMHk3I9Qit4qcK</link>
  <thumbnail></thumbnail>
    <fanart></fanart>
  <content></content>
</item>

<plugin>
  <title>UK Soap Catch-Up Tv</title>
  <link>plugin://plugin.video.dailymotion_com/?mode=listUserPlaylists&amp;url=https%3a%2f%2fapi.dailymotion.com%2fuser%2ftvsoap%2fplaylists%3ffields%3did%2cname%2cvideos_total%26sort%3drecent%26limit%3d50%26family_filter%3d1%26localization%3den_GB%26page%3d1&quot;,return)</link>
  <thumbnail>http://gen-tec.co/gentecwiz/PLEASE%20SUBSCRIBE%20TO%20CHARLIE%20TEC%20YOUTUBE/addonicons/soapbox.png</thumbnail>
    <fanart>https://i2-prod.mirror.co.uk/incoming/article6940715.ece/ALTERNATES/s615/soapsmain.jpg</fanart>
  <content></content>
</plugin>


<plugin>
<title>Sambuhay TV Playlist</title>
<link>plugin://plugin.video.youtube/playlist/PLwT0Syw2ZYXGPm-vIrOjsgdznSiEqXh6q/</link>
<thumbnail></thumbnail>
</plugin>

<plugin>
    <title>M3U Name</title>
    <link>plugin://plugin.video.live.streamspro/?mode=1&url=https://iwantpradals-lh.akamaihd.net/i/skyabscbnhd_1@383873/index_800_av-p.m3u8?sd=10&rebase=on&id=AgBuNvL2y7EmTooodlvAXV3Hb9EzR5hMoOnAn0iTJxIGeuYtZTSBkpbzQgulHw8zkOmaA9HEdCtSnQ%3d%3d&hdntl=exp=1534556682~acl=%2f*~data=hdntl~hmac=68a255312b0b330295ae30abdc9a1eddf4d4f3f832f5d423ef944716b047d10b
</link>
	<thumbnail></thumbnail>
    <fanart></fanart>
</plugin>



<plugin>
<title>Sambuhay TV  Channel</title>
<link>plugin://plugin.video.youtube/channel/UCVkd-aw3vlBH_g7WGFo1MUw/playlists/</link>
<thumbnail></thumbnail>
</plugin>

  <dir>
     <title>BATHALA TRIBE COLLECTIONS</title>
     <link>http://www.t2k-cloud.co.uk/Kodi/Live%20TV.xml</link>
   </dir>


    <dir>
    <title>Search TMDB</title>
    <tmdb>search</tmdb>
   </dir>

   <dir>
      <title>swifttest</title>
      <swift>swiftcategory/45</swift>
    </dir>

      <dir>
            <title>Dubbed Anime</title>
            <wctoon>category/dubbed-anime-list</wctoon>
        </dir>

     <dir>
         <title>Sports Streams</title>
         <sport_stream>games</sport_stream>
    </dir>


    
<plugin>
<title>Kulas</title>
<link>plugin://plugin.video.youtube/user/Jennermann/</link>
<thumbnail></thumbnail>
</plugin>

<dir>
    <title>Web Channels</title>
    <tvmaze>web_channel/1</tvmaze>
</dir>
<dir>
    <title>Web Channels</title>
    <tvmaze>webchannels/1/netflix</tvmaze>
</dir>

<dir>
<title>Teleserye</title>
<teleserye>tele</teleserye>
</dir>

<dir>
<title>New Episodes</title>
<teleserye>new_ep</teleserye>
</dir>

<dir>
<title>K MEDIA</title>
<kmedia>new_sh</kmedia>
</dir>


<dir>
<title>Latest</title>
<s9i0>latest</s9i0>
</dir>

 <dir>
    <title>Template Action Movies</title>
    <My Movies>genre/Action</My Movies>
    </dir>

    <dir>
    <title>Template Comedy Movies</title>
    <My Movies>genre/Horror</My Movies>
    </dir>   
 <dir>
    <title>Template Movie List</title>
    <My Movies>movies</My Movies>
    </dir>



</xml>
