<xml>
  <plugin>
<title>[COLOR aqua]Tarsilo's HEART ATTACK Movies[/COLOR]</title>
<link>plugin://plugin.video.youtube/playlist/PL-wmyZwzdCUe7PCe6wgJ0wrIZ2OCX8TXs/</link>
<thumbnail></thumbnail>
<fanart></fanart>
<summary></summary>
</plugin>
  <dir>
<title>USTV247</title>
<ustv247>entertainment</ustv247>
</dir>
<dir>
<title>MAin Menu</title>
<ustv247>main_menu</ustv247>      #do not change this line
</dir>
<dir>
<title>Sports Streams</title>
<sport_stream>games</sport_stream>
</dir>

<dir>
<title>9 Movies</title>
<9movies>latest</9movies>
</dir>

<dir>
<title>9 Movies Genre</title>
<9movies>genre</9movies>
</dir>

<dir>
<title>9TVSeries Latest</title>
<9movies>tvseries</9movies>
</dir>

  <dir>
    <title>MOVIES</title>
    <link>file://movies.xml</link>
  </dir>

  <dir>
    <title>TV SHOWS</title>
    <link>file://tv.xml</link>
  </dir>
 
  <dir>
    <title>LIVE TV SHOWS</title>
    <link>file://live_tv.xml</link>
  </dir>



<item>
  <title>DM test MLP</title>
  <link>https://www.dailymotion.com/embed/video/k24MlOMHk3I9Qit4qcK</link>
  <thumbnail></thumbnail>
    <fanart></fanart>
  <content></content>
</item>

<plugin>
  <title>UK Soap Catch-Up Tv</title>
  <link>plugin://plugin.video.dailymotion_com/?mode=listUserPlaylists&amp;url=https%3a%2f%2fapi.dailymotion.com%2fuser%2ftvsoap%2fplaylists%3ffields%3did%2cname%2cvideos_total%26sort%3drecent%26limit%3d50%26family_filter%3d1%26localization%3den_GB%26page%3d1&quot;,return)</link>
  <thumbnail>http://gen-tec.co/gentecwiz/PLEASE%20SUBSCRIBE%20TO%20CHARLIE%20TEC%20YOUTUBE/addonicons/soapbox.png</thumbnail>
    <fanart>https://i2-prod.mirror.co.uk/incoming/article6940715.ece/ALTERNATES/s615/soapsmain.jpg</fanart>
  <content></content>
</plugin>



<plugin>
    <title>M3U Name</title>
    <link>plugin://plugin.video.live.streamspro/?mode=1&url=https://iwantpradals-lh.akamaihd.net/i/skyabscbnhd_1@383873/index_800_av-p.m3u8?sd=10&rebase=on&id=AgBuNvL2y7EmTooodlvAXV3Hb9EzR5hMoOnAn0iTJxIGeuYtZTSBkpbzQgulHw8zkOmaA9HEdCtSnQ%3d%3d&hdntl=exp=1534556682~acl=%2f*~data=hdntl~hmac=68a255312b0b330295ae30abdc9a1eddf4d4f3f832f5d423ef944716b047d10b
</link>
	<thumbnail></thumbnail>
    <fanart></fanart>
</plugin>


  <dir>
     <title>BATHALA TRIBE COLLECTIONS</title>
     <link>http://www.t2k-cloud.co.uk/Kodi/Live%20TV.xml</link>
   </dir>


    <dir>
    <title>Search TMDB</title>
    <tmdb>search</tmdb>
   </dir>

   <dir>
      <title>swifttest</title>
      <swift>swiftcategory/45</swift>
    </dir>

      <dir>
            <title>Dubbed Anime</title>
            <wctoon>category/dubbed-anime-list</wctoon>
        </dir>

     <dir>
         <title>Sports Streams</title>
         <sport_stream>games</sport_stream>
    </dir>


                  
<item>
<title>Hanna - Season 1 Eps8</title>
<thumbnail>https://cdn.themovieseries.net/cover/hanna-season-1.png</thumbnail>
<fanart>https://cdn.themovieseries.net/cover/hanna-season-1.png</fanart>
<summary>Hanna - Season 1Eps8</summary>
<link>
<sublink>https://vidcloud.icu/streaming.php?id=MjQ4NTE1&title=Hanna+-+Season+1+Episode+8+-+Utrax&typesub=SUB&sub=L2hhbm5hLXNlYXNvbi0xLWVwaXNvZGUtOC11dHJheC9oYW5uYS1zZWFzb24tMS1lcGlzb2RlLTgtdXRyYXgudnR0&cover=Y292ZXIvaGFubmEtc2Vhc29uLTEtbGFyZ2UucG5n(Vidcloud)</sublink>
<sublink>https://vidcloud.icu/load.php?id=MjQ4NTE1&title=Hanna+-+Season+1+Episode+8+-+Utrax&typesub=SUB&sub=L2hhbm5hLXNlYXNvbi0xLWVwaXNvZGUtOC11dHJheC9oYW5uYS1zZWFzb24tMS1lcGlzb2RlLTgtdXRyYXgudnR0&cover=Y292ZXIvaGFubmEtc2Vhc29uLTEtbGFyZ2UucG5n(Vidcloud)</sublink>
<sublink>https://www.xstreamcdn.com/v/1xoq6qg3x94#caption=https://sub.movie-series.net/hanna-season-1-episode-8-utrax/hanna-season-1-episode-8-utrax.vtt(Xstreamcdn)</sublink>
<sublink>https://www.rapidvideo.com/e/G1JGKKQ8VX(Rapidvideo)</sublink>
<sublink>https://openload.co/embed/UfRPqiDmsgo?c1_file=https://sub.movie-series.net/hanna-season-1-episode-8-utrax/hanna-season-1-episode-8-utrax.vtt&c1_label=English(Openload)</sublink>
<sublink>https://streamango.com/embed/nbcqmoddonfkecem?c1_file=https://sub.movie-series.net/hanna-season-1-episode-8-utrax/hanna-season-1-episode-8-utrax.vtt&c1_label=English(Streamango)</sublink>
</link>
</item>



</xml>
