<plugin>
<title>Tarsilo's Selection</title>
<link>plugin://plugin.video.youtube/playlist/PL-wmyZwzdCUc3hNM5OLjv8OOI4aj9skul/</link>
<thumbnail></thumbnail>
</plugin>

<plugin>
<title>Tarsilo's Kantarutay</title>
<link>plugin://plugin.video.youtube/playlist/PL-wmyZwzdCUfNgMUpufrkEPeYbFCuMG5P/</link>
<thumbnail></thumbnail>
</plugin>

<plugin>
<title>Tarsilo's HEART ATTACK Movies</title>
<link>plugin://plugin.video.youtube/playlist/PL-wmyZwzdCUe7PCe6wgJ0wrIZ2OCX8TXs/</link>
<thumbnail></thumbnail>
</plugin>

<plugin>
<title>Tarsilo's PILINGKULA</title>
<link>plugin://plugin.video.youtube/playlist/PL-wmyZwzdCUd9cfF8EaKsq7ZL789k9Ze0/</link>
<thumbnail></thumbnail>
</plugin>