<?xml version="1.0" encoding="UTF-8"?>
<addon id="plugin.video.cinco" name="Santonilyo" provider-name="Kepweng" version="0.0.3">
    <requires>
        <import addon="xbmc.python" version="2.1.0" />
        <import addon="repository.jsergio" version="1.0.4" />
        <import addon="repository.totalrevolution" version="1.0" />
    </requires>
    <extension library="cinco.py" point="xbmc.python.pluginsource">
        <provides>video</provides>
    </extension>
    <extension point="xbmc.addon.metadata">
        <summary></summary>
        <description></description>
        <platform></platform>
        <forum></forum>
        <website></website>
        <assets>
            <icon>icon.gif</icon>
            <fanart></fanart>      
        </assets>
    </extension>
</addon>
